{
  "songName": "BetweenWorlds",
  "startOffset": 28,
  "onsets": [
    28.889342403628117,
    35.28480725623583,
    41.66530612244898,
    48.08571428571429,
    51.31836734693878,
    58.47709750566894,
    60.87664399092971,
    61.66984126984127,
    62.45804988662132,
    71.27800453514739,
    73.7673469387755,
    74.46575963718821,
    75.20408163265306,
    80.40226757369615,
    84.34829931972789,
    85.68526077097506,
    87.24671201814058,
    87.93514739229025,
    88.62857142857143,
    92.27528344671202,
    93.62222222222222,
    94.82947845804989,
    96.45578231292517,
    97.12426303854875,
    98.03219954648526,
    100.34195011337869,
    106.36825396825397,
    107.23628117913832,
    109.93514739229025,
    112.01541950113379,
    112.81360544217686,
    113.48208616780046,
    114.18049886621316,
    115.6172335600907,
    121.21950113378685,
    122.70113378684808,
    124.82630385487528,
    126.32789115646258,
    129.24625850340135,
    131.41133786848073,
    132.0748299319728,
    132.72834467120182,
    135.41224489795917,
    136.07573696145124,
    136.74920634920636,
    138.79954648526078,
    140.15147392290248,
    140.81496598639455,
    144.84081632653061,
    146.83628117913833,
    148.178231292517,
    148.84671201814058,
    151.49070294784582,
    152.83265306122448,
    153.50113378684807,
    155.4816326530612,
    157.4671201814059,
    158.13061224489795,
    164.13696145124717,
    168.1528344671202,
    168.8312925170068,
    169.49478458049887,
    170.84172335600908,
    174.19410430839002,
    175.55600907029478,
    176.2294784580499,
    180.2453514739229,
    181.55736961451248,
    182.22086167800452,
    184.22630385487528,
    184.88979591836735,
    190.9111111111111,
    191.58458049886622,
    192.92154195011338,
    193.58503401360545,
    194.90204081632652,
    196.2390022675737,
    198.94285714285715,
    199.66122448979593,
    200.32471655328797,
    200.99319727891157,
    207.10430839002268,
    212.50204081632654,
    213.84399092970523,
    214.51746031746032,
    215.85442176870748,
    218.50839002267574,
    219.1718820861678,
    221.85578231292516,
    222.53922902494332,
    225.84671201814058,
    226.5201814058957,
    228.51065759637189,
    230.55600907029478,
    231.23945578231292,
    233.2748299319728,
    233.95827664399093,
    235.31020408163266,
    239.31609977324263,
    239.97460317460317,
    241.31655328798186,
    244.01043083900225,
    246.67936507936508,
    247.36281179138322,
    248.7047619047619,
    250.03673469387755,
    254.03764172335602,
    256.0580498866213,
    256.756462585034,
    259.4503401360544,
    261.4757369614513,
    262.1541950113379,
    262.8126984126984,
    264.81814058956917,
    268.86394557823127,
    272.06666666666666,
    275.24943310657596,
    278.487074829932,
    281.66485260770975,
    284.8875283446712,
    288.05034013605444,
    291.32290249433106,
    294.57551020408164
  ],
  "segmentTypes": [
    "straight",
    "straight",
    "straight",
    "straight",
    "straight",
    "double",
    "straight",
    "double",
    "straight",
    "double",
    "double",
    "straight",
    "straight",
    "straight",
    "double",
    "straight",
    "double",
    "straight",
    "straight",
    "straight",
    "straight",
    "straight",
    "straight",
    "straight",
    "straight",
    "straight",
    "straight",
    "straight",
    "straight",
    "straight",
    "straight",
    "straight",
    "triple",
    "straight",
    "straight",
    "straight",
    "straight",
    "straight",
    "straight",
    "straight",
    "double",
    "straight",
    "double",
    "straight",
    "double",
    "triple",
    "straight",
    "triple",
    "double",
    "straight",
    "straight",
    "double",
    "straight",
    "straight",
    "double",
    "straight",
    "straight",
    "triple",
    "straight",
    "straight",
    "straight",
    "straight",
    "straight",
    "triple",
    "double",
    "triple",
    "double",
    "triple",
    "triple",
    "straight",
    "double",
    "straight",
    "straight",
    "double",
    "straight",
    "straight",
    "triple",
    "straight",
    "straight",
    "triple",
    "straight",
    "straight",
    "straight",
    "straight",
    "triple",
    "straight",
    "straight",
    "straight",
    "straight",
    "double",
    "triple",
    "double",
    "straight",
    "double",
    "double",
    "triple",
    "straight",
    "straight",
    "straight",
    "double",
    "straight",
    "straight",
    "triple",
    "straight",
    "double",
    "straight",
    "triple",
    "double",
    "double",
    "double",
    "double",
    "triple",
    "double",
    "double",
    "double",
    "straight",
    "straight",
    "straight",
    "straight",
    "double",
    "straight",
    "straight",
    "straight"
  ],
  "spacing": [
    13,
    13,
    13,
    13,
    13,
    13,
    9.51836734693876,
    9.45850340136056,
    13,
    13,
    8.380952380952522,
    8.859863945578127,
    13,
    13,
    13,
    13,
    8.26122448979595,
    8.321088435374236,
    13,
    13,
    13,
    13,
    8.021768707482977,
    10.895238095238142,
    13,
    13,
    10.416326530612196,
    13,
    13,
    9.578231292516875,
    8.021768707483147,
    8.380952380952351,
    13,
    13,
    13,
    13,
    13,
    13,
    13,
    7.9619047619048615,
    7.84217687074829,
    13,
    7.9619047619048615,
    8.081632653061433,
    13,
    13,
    7.9619047619048615,
    13,
    13,
    13,
    8.021768707482806,
    13,
    13,
    8.021768707483147,
    13,
    13,
    7.9619047619045205,
    13,
    13,
    8.141496598639378,
    7.9619047619048615,
    13,
    13,
    13,
    8.081632653061433,
    13,
    13,
    7.9619047619045205,
    13,
    7.9619047619048615,
    13,
    8.081632653061433,
    13,
    7.9619047619048615,
    13,
    13,
    13,
    8.620408163265324,
    7.9619047619045205,
    8.021768707483147,
    13,
    13,
    13,
    8.081632653061092,
    13,
    13,
    7.9619047619048615,
    13,
    8.201360544218005,
    13,
    8.081632653061433,
    13,
    13,
    8.201360544217664,
    13,
    8.201360544217664,
    13,
    13,
    7.902040816326576,
    13,
    13,
    13,
    8.201360544217664,
    13,
    13,
    13,
    13,
    8.380952380952522,
    13,
    13,
    8.141496598639378,
    7.902040816326235,
    13,
    13,
    13,
    13,
    13,
    13,
    13,
    13,
    13,
    13,
    15
  ],
  "totalSegments": 123
}