{
  "songName": "BetweenWorlds",
  "startOffset": 28,
  "onsets": [
    38.731972789115645,
    39.17596371882086,
    44.87800453514739,
    48.25034013605442,
    52.570521541950114,
    52.85487528344671,
    55.673469387755105,
    58.07800453514739,
    62.27845804988662,
    72.02630385487528,
    74.45578231292517,
    76.50113378684807,
    76.86530612244898,
    78.07755102040817,
    78.45170068027211,
    79.25487528344671,
    87.8702947845805,
    92.82403628117913,
    94.02131519274377,
    95.22857142857143,
    99.62358276643991,
    100.43673469387755,
    105.64489795918368,
    108.03945578231293,
    108.83265306122449,
    112.18004535147392,
    113.22267573696145,
    121.72834467120181,
    130.71292517006802,
    131.03219954648526,
    131.51111111111112,
    138.0263038548753,
    140.81995464852608,
    146.621768707483,
    149.41541950113378,
    149.9891156462585,
    152.0045351473923,
    154.05986394557823,
    154.24444444444444,
    155.09251700680272,
    155.45668934240362,
    155.72607709750568,
    161.30839002267572,
    162.45578231292518,
    164.06213151927437,
    166.39183673469387,
    177.28208616780046,
    179.78140589569162,
    180.37505668934241,
    180.74421768707484,
    180.95374149659864,
    181.1732426303855,
    181.66213151927437,
    183.26349206349207,
    187.41904761904763,
    187.6684807256236,
    190.87120181405896,
    198.4689342403628,
    198.87301587301587,
    199.67619047619047,
    201.0530612244898,
    201.9111111111111,
    211.2798185941043,
    211.56916099773244,
    213.08072562358277,
    213.3800453514739,
    213.58956916099774,
    213.87392290249434,
    214.28798185941042,
    215.65986394557822,
    216.44807256235828,
    216.87709750566893,
    217.51065759637189,
    218.8575963718821,
    221.6562358276644,
    222.93333333333334,
    224.06575963718822,
    225.5124716553288,
    226.86439909297053,
    228.05668934240362,
    228.26122448979592,
    228.87482993197278,
    229.47845804988663,
    230.46621315192743,
    230.68072562358276,
    231.03492063492064,
    231.44399092970522,
    234.91609977324262,
    235.61451247165533,
    238.04897959183674,
    239.88979591836735,
    240.35374149659864,
    240.67301587301588,
    241.0920634920635,
    241.25668934240363,
    243.4816326530612,
    243.89569160997732,
    244.7138321995465,
    245.49705215419502,
    246.06575963718822,
    246.4498866213152,
    247.47256235827663,
    247.7170068027211,
    248.0612244897959,
    248.86938775510205,
    249.2485260770975,
    250.281179138322,
    250.46077097505668,
    250.8498866213152,
    253.65850340136055,
    256.28253968253966,
    256.5219954648526,
    256.6965986394558,
    259.9392290249433,
    260.2734693877551,
    260.8621315192744,
    262.578231292517,
    262.8126984126984,
    263.0721088435374,
    265.98548752834466,
    266.2548752834467,
    266.7637188208617,
    266.95328798185943,
    267.3823129251701,
    267.67664399092973,
    272.0566893424036,
    301.77913832199545,
    302.5573696145125,
    307.57596371882084,
    308.3292517006803
  ],
  "segmentTypes": [
    "straight",
    "double",
    "straight",
    "straight",
    "triple",
    "straight",
    "triple",
    "triple",
    "straight",
    "triple",
    "double",
    "straight",
    "straight",
    "triple",
    "double",
    "triple",
    "triple",
    "straight",
    "straight",
    "double",
    "straight",
    "straight",
    "straight",
    "double",
    "triple",
    "straight",
    "straight",
    "double",
    "triple",
    "double",
    "double",
    "straight",
    "straight",
    "triple",
    "triple",
    "triple",
    "straight",
    "straight",
    "straight",
    "double",
    "double",
    "triple",
    "double",
    "triple",
    "double",
    "straight",
    "triple",
    "straight",
    "triple",
    "triple",
    "double",
    "triple",
    "double",
    "double",
    "straight",
    "straight",
    "straight",
    "straight",
    "straight",
    "straight",
    "straight",
    "triple",
    "triple",
    "triple",
    "triple",
    "double",
    "triple",
    "double",
    "triple",
    "triple",
    "straight",
    "triple",
    "triple",
    "straight",
    "triple",
    "double",
    "triple",
    "straight",
    "straight",
    "straight",
    "double",
    "double",
    "double",
    "straight",
    "double",
    "straight",
    "straight",
    "triple",
    "triple",
    "triple",
    "triple",
    "double",
    "double",
    "straight",
    "double",
    "straight",
    "straight",
    "triple",
    "double",
    "straight",
    "triple",
    "double",
    "triple",
    "double",
    "straight",
    "double",
    "triple",
    "double",
    "triple",
    "triple",
    "straight",
    "straight",
    "straight",
    "straight",
    "triple",
    "triple",
    "straight",
    "double",
    "double",
    "triple",
    "double",
    "straight",
    "triple",
    "triple",
    "triple",
    "straight",
    "straight",
    "double",
    "triple",
    "triple"
  ],
  "spacing": [
    9.212811791383219,
    41.5,
    41.5,
    41.5,
    5.900340136054349,
    41.5,
    41.5,
    41.5,
    41.5,
    41.5,
    41.5,
    7.556575963718932,
    25.154081632653007,
    7.763605442176876,
    16.665873015872883,
    41.5,
    41.5,
    24.84353741496624,
    25.050566893423888,
    41.5,
    16.87290249433112,
    41.5,
    41.5,
    16.45884353741494,
    41.5,
    21.634580498866192,
    41.5,
    41.5,
    6.624943310657742,
    9.937414965986612,
    41.5,
    41.5,
    41.5,
    41.5,
    11.904195011338112,
    41.5,
    41.5,
    4.98,
    17.597505668934367,
    7.556575963718637,
    5.589795918367728,
    41.5,
    23.808390022676225,
    33.331746031745766,
    41.5,
    41.5,
    41.5,
    12.318253968254,
    7.660090702947756,
    4.98,
    4.98,
    10.144444444444261,
    33.228231292517236,
    41.5,
    5.17573696145125,
    41.5,
    41.5,
    8.384693877551001,
    16.665873015872883,
    28.570068027210997,
    17.804535147392016,
    41.5,
    6.003854875283616,
    31.36496598639427,
    6.210884353741265,
    4.98,
    5.9003401360544965,
    8.59172335600865,
    28.466553287981878,
    16.355328798186115,
    8.902267573696008,
    13.146371882086365,
    27.94897959183687,
    41.5,
    26.49977324263038,
    23.497845804988867,
    30.0192743764169,
    28.05249433106599,
    24.74002267573653,
    4.98,
    12.732312925169888,
    12.525283446712239,
    20.49591836734676,
    4.98,
    7.349546485260988,
    8.48820861678012,
    41.5,
    14.492063492063737,
    41.5,
    38.19693877551025,
    9.626870748299254,
    6.624943310657742,
    8.69523809523777,
    4.98,
    41.5,
    8.59172335600924,
    16.97641723356024,
    16.251814058956995,
    11.800680272108993,
    7.970634920634525,
    21.22052154195001,
    5.07222222222272,
    7.1425170068021595,
    16.769387755102592,
    7.867120181405405,
    21.42755102040825,
    4.98,
    8.074149659864233,
    41.5,
    41.5,
    4.98,
    4.98,
    41.5,
    6.9354875283445105,
    12.21473922902547,
    35.60907029478403,
    4.98,
    5.382766439909489,
    41.5,
    5.589795918367728,
    10.55850340136074,
    4.98,
    8.902267573696008,
    6.107369614512735,
    41.5,
    41.5,
    16.148299319728466,
    41.5,
    15.63072562358346,
    24.900000000000002
  ],
  "totalSegments": 130
}