{
  "songName": "BetweenWorlds",
  "startOffset": 28,
  "onsets": [
    29.141043083900225,
    32.71691609977324,
    33.52961451247165,
    35.92126984126984,
    38.35936507936508,
    39.21850340136054,
    39.77578231292517,
    40.751020408163264,
    59.07156462585034,
    64.62113378684808,
    66.45551020408163,
    72.8409977324263,
    74.11809523809524,
    75.2326530612245,
    81.20018140589569,
    85.63519274376418,
    86.40145124716554,
    88.81632653061224,
    93.62285714285714,
    95.22503401360544,
    99.61360544217688,
    100.65850340136055,
    101.958820861678,
    102.67863945578232,
    103.09659863945578,
    104.81487528344671,
    105.20961451247166,
    106.44027210884354,
    107.34585034013605,
    108.04244897959184,
    109.22666666666667,
    111.5718820861678,
    111.98984126984126,
    112.84897959183674,
    113.6152380952381,
    114.42793650793651,
    115.65859410430839,
    117.63229024943311,
    118.83972789115646,
    119.53632653061224,
    120.8366439909297,
    122.2530612244898,
    124.203537414966,
    125.24843537414966,
    125.80571428571429,
    126.40943310657596,
    127.22213151927437,
    128.42956916099774,
    129.6370068027211,
    130.426485260771,
    132.02866213151927,
    133.18965986394556,
    133.63083900226758,
    137.41569160997733,
    138.2051700680272,
    143.9869387755102,
    144.8692970521542,
    146.42503401360545,
    147.60925170068026,
    148.83990929705215,
    149.79192743764173,
    151.23156462585035,
    152.02104308390022,
    152.83374149659863,
    154.01795918367347,
    155.68979591836734,
    156.4328344671202,
    157.2455328798186,
    158.54585034013604,
    159.24244897959184,
    160.42666666666668,
    163.0273015873016,
    164.04897959183674,
    165.0706575963719,
    165.6279365079365,
    166.8585941043084,
    167.99637188208618,
    170.504126984127,
    172.03664399092972,
    173.24408163265306,
    175.21777777777777,
    176.44843537414965,
    176.81995464852608,
    177.60943310657598,
    178.4221315192744,
    179.62956916099773,
    181.60326530612244,
    183.2518820861678,
    184.83083900226757,
    185.50421768707483,
    186.0150566893424,
    188.38349206349207,
    189.40517006802722,
    190.42684807256236,
    191.23954648526077,
    192.44698412698412,
    193.677641723356,
    194.35102040816327,
    194.86185941043084,
    195.67455782312925,
    196.7891156462585,
    197.62503401360544,
    198.85569160997733,
    200.06312925170067,
    201.224126984127,
    201.66530612244898,
    202.45478458049885,
    203.33714285714285,
    204.0105215419501,
    204.77678004535147,
    205.21795918367346,
    206.54149659863947,
    207.2148752834467,
    207.86503401360545,
    209.81551020408162,
    210.55854875283447,
    211.39446712018142,
    212.95020408163265,
    213.6235827664399,
    214.57560090702947,
    216.15455782312924,
    217.75673469387755,
    219.35891156462586,
    220.19482993197278,
    220.93786848072563,
    224.14222222222222,
    224.88526077097507,
    226.46421768707484,
    227.36979591836734,
    228.97197278911565,
    231.061768707483,
    232.8497052154195,
    233.87138321995465,
    235.33424036281178,
    238.5618140589569,
    240.97668934240363,
    241.71972789115645,
    243.41478458049886,
    244.99374149659863,
    245.76,
    248.12843537414966,
    251.33278911564625,
    252.0061678004535,
    252.9814058956916,
    254.53714285714287,
    257.764716553288,
    258.43809523809523,
    259.3901133786848,
    262.0604081632653,
    262.91954648526075,
    264.1734240362812,
    265.752380952381,
    267.35455782312926,
    268.1440362811791,
    268.933514739229,
    269.74621315192746,
    273.7400453514739,
    274.5063038548753,
    276.15492063492064,
    278.56979591836733,
    281.7973696145125,
    286.58068027210885,
    287.3237188208617,
    288.1364172335601,
    288.92589569161,
    289.7385941043084,
    291.34077097505667,
    292.91972789115647,
    293.70920634920634,
    296.1705215419501,
    299.3516553287982,
    300.930612244898,
    304.8780045351474,
    307.3857596371882,
    308.964716553288,
    310.61333333333334,
    311.3563718820862,
    312.14585034013606,
    313.0746485260771,
    313.8176870748299,
    318.55455782312924,
    323.45396825396824
  ],
  "segmentTypes": [
    "straight",
    "triple",
    "triple",
    "triple",
    "double",
    "straight",
    "triple",
    "double",
    "straight",
    "triple",
    "straight",
    "double",
    "straight",
    "triple",
    "straight",
    "triple",
    "triple",
    "straight",
    "triple",
    "double",
    "triple",
    "double",
    "triple",
    "straight",
    "double",
    "triple",
    "straight",
    "double",
    "triple",
    "double",
    "triple",
    "double",
    "straight",
    "triple",
    "double",
    "triple",
    "double",
    "double",
    "double",
    "straight",
    "triple",
    "straight",
    "straight",
    "straight",
    "double",
    "double",
    "triple",
    "straight",
    "straight",
    "straight",
    "double",
    "double",
    "straight",
    "straight",
    "triple",
    "double",
    "straight",
    "triple",
    "triple",
    "double",
    "triple",
    "triple",
    "double",
    "double",
    "straight",
    "triple",
    "double",
    "straight",
    "triple",
    "straight",
    "double",
    "straight",
    "double",
    "straight",
    "triple",
    "double",
    "straight",
    "double",
    "straight",
    "double",
    "straight",
    "triple",
    "double",
    "straight",
    "triple",
    "double",
    "triple",
    "straight",
    "double",
    "straight",
    "double",
    "double",
    "triple",
    "triple",
    "double",
    "straight",
    "double",
    "triple",
    "double",
    "triple",
    "triple",
    "triple",
    "triple",
    "triple",
    "triple",
    "straight",
    "double",
    "straight",
    "straight",
    "triple",
    "double",
    "triple",
    "straight",
    "straight",
    "triple",
    "triple",
    "straight",
    "double",
    "straight",
    "straight",
    "triple",
    "straight",
    "straight",
    "triple",
    "triple",
    "triple",
    "double",
    "straight",
    "double",
    "double",
    "double",
    "triple",
    "double",
    "triple",
    "triple",
    "straight",
    "double",
    "straight",
    "triple",
    "triple",
    "straight",
    "triple",
    "double",
    "straight",
    "triple",
    "double",
    "double",
    "triple",
    "double",
    "straight",
    "straight",
    "straight",
    "double",
    "straight",
    "triple",
    "straight",
    "straight",
    "straight",
    "triple",
    "straight",
    "triple",
    "triple",
    "triple",
    "double",
    "double",
    "straight",
    "triple",
    "straight",
    "double",
    "straight",
    "straight",
    "straight",
    "double",
    "double",
    "triple",
    "double",
    "triple",
    "triple",
    "double",
    "double",
    "double",
    "double"
  ],