{
  "songName": "BetweenWorlds",
  "startOffset": 28,
  "onsets": [
    38.521904761904764,
    38.8237641723356,
    39.21850340136054,
    39.50875283446712,
    40.07764172335601,
    40.36789115646258,
    40.66975056689343,
    48.88961451247165,
    57.89895691609977,
    58.583945578231294,
    66.47873015873016,
    68.01124716553288,
    77.18312925170068,
    102.5277097505669,
    103.25913832199547,
    103.93251700680273,
    104.2227664399093,
    104.5014058956916,
    104.76843537414966,
    105.02385487528345,
    106.06875283446712,
    106.44027210884354,
    107.24136054421768,
    108.01922902494331,
    109.23827664399093,
    110.45732426303854,
    111.21197278911565,
    112.03628117913833,
    112.52390022675738,
    112.860589569161,
    113.11600907029478,
    113.62684807256235,
    113.88226757369614,
    114.1492970521542,
    114.45115646258503,
    115.67020408163265,
    116.01850340136055,
    116.85442176870748,
    117.10984126984127,
    117.38848072562358,
    117.64390022675737,
    117.89931972789115,
    118.21278911564626,
    118.65396825396826,
    118.90938775510205,
    119.18802721088436,
    119.46666666666667,
    119.96589569160997,
    120.27936507936508,
    120.56961451247166,
    120.85986394557823,
    121.33587301587302,
    122.03247165532879,
    122.35755102040817,
    123.20507936507937,
    123.51854875283446,
    124.06421768707483,
    124.45895691609978,
    124.95818594104308,
    125.26004535147392,
    125.5502947845805,
    125.82893424036281,
    126.43265306122449,
    127.28018140589569,
    127.76780045351474,
    128.04643990929705,
    128.44117913832198,
    128.82430839002268,
    129.66022675736963,
    129.93886621315193,
    130.43809523809523,
    131.69197278911565,
    132.04027210884354,
    132.84136054421768,
    133.6192290249433,
    134.83827664399092,
    135.31428571428572,
    136.05732426303854,
    136.83519274376417,
    137.43891156462584,
    138.07746031746032,
    138.34448979591838,
    138.63473922902494,
    138.95981859410432,
    139.23845804988662,
    139.50548752834467,
    139.78412698412697,
    140.05115646258503,
    140.84063492063493,
    141.10766439909298,
    141.374693877551,
    141.6301133786848,
    142.50086167800453,
    142.83755102040817,
    143.24390022675738,
    143.53414965986394,
    143.8708390022676,
    144.47455782312926,
    144.85768707482993,
    145.1131065759637,
    145.39174603174604,
    145.64716553287982,
    145.9025850340136,
    146.45986394557823,
    147.33061224489796,
    147.6324716553288,
    147.95755102040818,
    148.85151927437641,
    149.11854875283447,
    149.40879818594104,
    149.71065759637187,
    150.14022675736962,
    150.53496598639455,
    150.86004535147393,
    151.1502947845805,
    151.40571428571428,
    151.7191836734694,
    152.0326530612245,
    152.42739229024943,
    152.69442176870749,
    153.04272108843537,
    153.61160997732426,
    154.041179138322,
    154.42430839002267,
    154.71455782312924,
    155.19056689342403,
    155.4808163265306,
    155.96843537414966,
    156.22385487528345,
    157.25714285714287,
    157.64027210884353,
    158.44136054421767,
    159.2192290249433,
    160.43827664399092,
    160.8910657596372,
    161.1697052154195,
    161.5528344671202,
    161.81986394557822,
    162.43519274376416,
    163.03891156462586,
    163.38721088435375,
    163.7122902494331,
    164.060589569161,
    164.3392290249433,
    164.7455782312925,
    165.02421768707484,
    165.30285714285714,
    165.65115646258502,
    166.18521541950113,
    166.70766439909298,
    166.96308390022676,
    167.24172335600906,
    168.00798185941042,
    168.29823129251702,
    168.5536507936508,
    168.84390022675737,
    169.09931972789116,
    169.54049886621314,
    169.79591836734693,
    170.07455782312925,
    170.3415873015873,
    170.6202267573696,
    170.8756462585034,
    171.13106575963718,
    171.39809523809524,
    171.67673469387756,
    172.04825396825396,
    172.31528344671202,
    172.59392290249434,
    173.00027210884355,
    173.26730158730157,
    173.66204081632654,
    174.4282993197279,
    174.69532879818595,
    175.2409977324263,
    175.5196371882086,
    175.86793650793652,
    176.1233560090703,
    176.41360544217687,
    176.84317460317462,
    177.11020408163265,
    177.6326530612245,
    177.88807256235827,
    178.23637188208616,
    178.538231292517,
    178.89814058956915,
    179.62956916099773,
    180.09396825396826,
    180.83700680272108,
    181.63809523809525,
    181.91673469387754,
    182.60172335600907,
    182.85714285714286,
    183.24027210884353,
    183.4956916099773,
    183.80916099773242,
    184.12263038548753,
    184.8192290249433,
    185.36489795918368,
    186.03827664399094,
    186.50267573696146,
    187.22249433106575,
    187.51274376417234,
    188.03519274376418,
    188.48798185941044,
    188.80145124716555,
    189.14975056689343,
    189.4167800453515,
    189.73024943310656,
    189.99727891156462,
    190.28752834467122,
    190.55455782312924,
    190.8215873015873,
    191.25115646258504,
    191.51818594104307,
    191.7968253968254,
    192.08707482993196,
    192.34249433106575,
    192.6095238095238,
    192.91138321995464,
    193.31773242630385,
    193.60798185941044,
    193.87501133786847,
    194.36263038548753,
    194.61804988662132,
    194.8734693877551,
    195.36108843537414,
    195.67455782312925,
    196.04607709750567,
    196.30149659863946,
    196.56852607709752,
    196.85877551020408,
    197.12580498866214,
    197.3928344671202,
    197.64825396825398,
    197.90367346938777,
    198.24036281179139,
    198.5538321995465,
    198.87891156462584,
    199.238820861678,
    200.07473922902494,
    200.38820861678005,
    200.80616780045352,
    201.08480725623582,
    201.36344671201815,
    201.66530612244898,
    201.94394557823128,
    202.2225850340136,
    202.50122448979593,
    203.18621315192743,
    203.476462585034,
    203.8247619047619,
    204.0801814058957,
    204.44009070294786,
    204.71873015873015,
    205.020589569161,
    205.27600907029478,
    205.61269841269842,
    206.4602267573696,
    206.72725623582767,
    206.99428571428572,
    207.27292517006802,
    271.4180498866213
  ],