{
  "songName": "BetweenWorlds",
  "startOffset": 28,
  "onsets": [
    29.961904761904762,
    30.410884353741498,
    31.842630385487528,
    32.72063492063492,
    37.40498866213152,
    38.78185941043084,
    39.205895691609975,
    41.19138321995465,
    41.52063492063492,
    43.50612244897959,
    45.681179138321994,
    46.035374149659866,
    46.324716553287985,
    46.86349206349206,
    50.30068027210884,
    51.068934240362815,
    53.36371882086168,
    57.82857142857143,
    59.12063492063492,
    62.093877551020405,
    63.221315192743766,
    64.7827664399093,
    68.49433106575964,
    70.67936507936508,
    71.49750566893424,
    75.11927437641724,
    75.91746031746031,
    76.07709750566893,
    77.47891156462585,
    82.29297052154195,
    83.97913832199546,
    85.93968253968254,
    86.71292517006803,
    90.26984126984127,
    90.49931972789116,
    92.5297052154195,
    93.09342403628118,
    96.83990929705216,
    102.3922902494331,
    105.07120181405895,
    105.59002267573696,
    106.05895691609977,
    110.44399092970522,
    110.93786848072563,
    112.0204081632653,
    113.61179138321995,
    117.99183673469388,
    118.20136054421769,
    118.37596371882086,
    119.07437641723357,
    124.00816326530612,
    124.66167800453515,
    127.25079365079365,
    127.41541950113378,
    127.59002267573696,
    131.221768707483,
    131.41632653061225,
    131.83537414965986,
    133.64625850340136,
    143.518820861678,
    143.8580498866213,
    148.3877551020408,
    150.36825396825398,
    150.52290249433108,
    154.15963718820862,
    155.95056689342402,
    162.8,
    164.4063492063492,
    164.8154195011338,
    167.01541950113378,
    168.82630385487528,
    169.51972789115646,
    170.05351473922903,
    170.2780045351474,
    171.20589569160998,
    174.06938775510204,
    175.3265306122449,
    179.49705215419502,
    183.22857142857143,
    187.24444444444444,
    188.97052154195012,
    193.39546485260772,
    195.26621315192745,
    197.83537414965986,
    201.3374149659864,
    202.66938775510204,
    203.23310657596372,
    203.8766439909297,
    204.7746031746032,
    205.3482993197279,
    206.19138321995464,
    206.44580498866213,
    207.06439909297052,
    213.84399092970523,
    216.90702947845804,
    217.51065759637189,
    220.02993197278911,
    221.7609977324263,
    227.8421768707483,
    230.3514739229025,
    234.1079365079365,
    235.33514739229025,
    240.68798185941043,
    240.97732426303855,
    243.97052154195012,
    248.92426303854876,
    250.08163265306123,
    251.61814058956915,
    254.1424036281179,
    256.4671201814059,
    260.1786848072562,
    262.71791383219954,
    264.1795918367347,
    264.82312925170066,
    267.4671201814059,
    269.74195011337866,
    276.2671201814059,
    278.3873015873016,
    279.21043083900224,
    280.1582766439909,
    280.54739229024943,
    281.4553287981859,
    282.0888888888889,
    287.44172335600905,
    288.1301587301587,
    288.9233560090703,
    294.33106575963717,
    298.9605442176871,
    299.2199546485261,
    300.42721088435377,
    300.58684807256236,
    301.9886621315193,
    303.6299319727891,
    307.740589569161,
    308.97278911564626,
    309.7959183673469,
    310.60408163265305,
    319.91292517006804
  ],
  "segmentTypes": [
    "double",
    "triple",
    "straight",
    "triple",
    "double",
    "triple",
    "triple",
    "triple",
    "straight",
    "double",
    "triple",
    "double",
    "double",
    "double",
    "straight",
    "double",
    "triple",
    "straight",
    "straight",
    "straight",
    "straight",
    "triple",
    "straight",
    "double",
    "straight",
    "straight",
    "straight",
    "triple",
    "triple",
    "triple",
    "straight",
    "straight",
    "triple",
    "double",
    "straight",
    "double",
    "straight",
    "triple",
    "triple",
    "triple",
    "straight",
    "triple",
    "double",
    "double",
    "straight",
    "double",
    "triple",
    "triple",
    "double",
    "straight",
    "straight",
    "triple",
    "triple",
    "straight",
    "triple",
    "double",
    "double",
    "triple",
    "double",
    "straight",
    "triple",
    "double",
    "double",
    "straight",
    "double",
    "triple",
    "straight",
    "triple",
    "straight",
    "straight",
    "triple",
    "straight",
    "double",
    "double",
    "triple",
    "double",
    "triple",
    "double",
    "double",
    "triple",
    "straight",
    "double",
    "triple",
    "straight",
    "triple",
    "straight",
    "straight",
    "straight",
    "triple",
    "double",
    "double",
    "straight",
    "triple",
    "triple",
    "straight",
    "triple",
    "triple",
    "double",
    "straight",
    "straight",
    "triple",
    "double",
    "straight",
    "triple",
    "double",
    "double",
    "double",
    "triple",
    "triple",
    "triple",
    "triple",
    "triple",
    "triple",
    "double",
    "triple",
    "straight",
    "triple",
    "straight",
    "double",
    "double",
    "double",
    "straight",
    "double",
    "double",
    "double",
    "triple",
    "double",
    "straight",
    "triple",
    "triple",
    "double",
    "triple",
    "straight",
    "straight",
    "straight",
    "triple",
    "straight",
    "triple"
  ],
  "spacing": [
    9.316326530612265,
    29.70873015873013,
    18.218594104308423,
    41.5,
    28.570068027210848,
    8.798752834467036,
    41.19886621315206,
    6.831972789115539,
    41.19886621315191,
    41.5,
    7.3495464852608405,
    6.003854875283468,
    11.179591836734572,
    41.5,
    15.941269841269934,
    41.5,
    41.5,
    26.810317460317442,
    41.5,
    23.394331065759747,
    32.40011337868473,
    41.5,
    41.5,
    16.976417233559946,
    41.5,
    16.562358276643764,
    4.98,
    29.087641723356004,
    41.5,
    34.987981859410496,
    40.68129251700675,
    16.04478458049905,
    41.5,
    4.98,
    41.5,
    11.697165532879874,
    41.5,
    41.5,
    41.5,
    10.765532879818684,
    9.730385487528373,
    41.5,
    10.24795918367338,
    22.462698412698263,
    33.021201814059,
    41.5,
    4.98,
    4.98,
    14.492063492063737,
    41.5,
    13.560430839002253,
    41.5,
    4.98,
    4.98,
    41.5,
    4.98,
    8.69523809523777,
    37.57585034013612,
    41.5,
    7.03900226757363,
    41.5,
    41.09535147392323,
    4.98,
    41.5,
    37.161791383219644,
    41.5,
    33.331746031745766,
    8.48820861678012,
    41.5,
    37.57585034013612,
    14.388548752834618,
    11.076077097505747,
    4.98,
    19.253741496598508,
    41.5,
    26.08571428571449,
    41.5,
    41.5,
    41.5,
    35.81609977324286,
    41.5,
    38.818027210884374,
    41.5,
    41.5,
    27.638435374149513,
    11.697165532879874,
    13.353401360544014,
    18.63265306122497,
    11.904195011337523,
    17.493990929705248,
    5.27925170068037,
    12.835827664399007,
    41.5,
    41.5,
    12.525283446712239,
    41.5,
    35.91961451247139,
    41.5,
    41.5,
    41.5,
    25.464625850340365,
    41.5,
    6.003854875283616,
    41.5,
    41.5,
    24.015419501133874,
    31.882539682539278,
    41.5,
    41.5,
    41.5,
    41.5,
    30.329818594104257,
    13.353401360544014,
    41.5,
    41.5,
    41.5,
    41.5,
    17.07993197278877,
    19.667800453514985,
    8.074149659864233,
    18.83968253968203,
    13.146371882086955,
    41.5,
    14.285034013605499,
    16.458843537415234,
    41.5,
    41.5,
    5.382766439909489,
    25.050566893424477,
    4.98,
    29.087641723356004,
    34.05634920634901,
    41.5,
    25.568140589569484,
    17.07993197278877,
    16.769387755102002,
    41.5,
    24.900000000000002
  ],
  "totalSegments": 138
}